error_pct,jct,ttft,preemptions,jain_fairness,starvation_pct,timed_out_pct,jct_p95,jct_p99,alpha,beta,scenario
40,12.0238,11.933,373,0.0918,7.61,4.1,64.2111,233.2722,0.25,0.1,light
40,12.7237,12.6321,373,0.0976,8.12,4.0,68.4122,233.2632,0.25,0.25,light
40,14.4215,14.329,375,0.1046,8.41,3.7,89.2348,234.7563,0.25,0.5,light
40,15.1208,15.0295,374,0.108,8.82,3.6,92.1716,253.494,0.25,0.75,light
40,17.4275,17.3322,376,0.1141,8.7,3.5,118.8992,268.0378,0.25,1.0,light
40,19.3728,19.2765,377,0.1253,9.11,3.4,136.9415,269.0109,0.25,1.25,light
40,22.4564,22.357,377,0.14,10.04,3.4,164.7885,271.4044,0.25,1.5,light
40,26.0064,25.9033,378,0.1578,10.82,3.0,189.231,278.3001,0.25,1.75,light
40,26.8909,26.7869,378,0.1645,10.81,2.9,189.207,279.5953,0.25,2.0,light
40,46.6138,46.4904,379,0.2881,13.35,1.9,228.083,280.5144,0.25,5.0,light
40,67.7918,67.655,386,0.4451,7.95,0.6,224.0346,276.4905,0.25,10.0,light
40,71.7162,71.5748,387,0.4845,5.72,0.3,224.5824,273.1732,0.25,12.0,light
40,74.019,73.8757,388,0.528,3.61,0.2,213.6419,250.762,0.25,14.0,light
40,75.4309,75.2858,388,0.5555,2.3,0.1,205.3242,238.2494,0.25,16.0,light
40,76.7936,76.6436,388,0.577,1.6,0.0,197.2757,239.2424,0.25,18.0,light
40,77.7286,77.5786,388,0.5968,1.0,0.0,196.2765,231.323,0.25,20.0,light
40,79.4916,79.3416,388,0.646,0.3,0.0,185.3159,221.5976,0.25,25.0,light
40,80.6976,80.5476,388,0.6911,0.0,0.0,176.5358,211.3989,0.25,30.0,light
40,12.5356,12.3391,351,0.0907,6.88,8.4,62.614,233.4562,0.25,0.1,normal
40,12.9201,12.7258,351,0.0939,6.77,8.4,65.9468,236.2955,0.25,0.25,normal
40,14.2001,14.0036,351,0.1039,7.42,8.4,82.368,240.0227,0.25,0.5,normal
40,15.2729,15.0756,351,0.1082,8.18,8.3,99.4728,247.7797,0.25,0.75,normal
40,17.1452,16.945,353,0.1145,8.71,8.1,125.9678,252.6162,0.25,1.0,normal
40,19.401,19.198,353,0.1222,9.34,7.9,149.798,270.1398,0.25,1.25,normal
40,20.1044,19.9014,352,0.1246,9.34,7.9,158.586,265.1148,0.25,1.5,normal
40,22.4722,22.2653,356,0.1319,9.64,7.7,174.5259,281.0064,0.25,1.75,normal
40,23.671,23.463,356,0.1396,10.18,7.7,178.4825,278.1747,0.25,2.0,normal
40,45.8702,45.6425,360,0.2685,14.39,6.9,230.4615,278.5132,0.25,5.0,normal
40,74.9612,74.7112,367,0.4084,10.81,5.6,261.617,293.7606,0.25,10.0,normal
40,82.2828,82.0299,366,0.4499,7.94,5.5,264.4776,290.6574,0.25,12.0,normal
40,89.7193,89.4595,366,0.4869,4.65,5.3,267.0816,291.724,0.25,14.0,normal
40,96.9401,96.6742,365,0.5187,0.95,5.2,269.0767,290.5471,0.25,16.0,normal
40,102.6628,102.3928,367,0.5444,0.0,4.8,275.3142,295.8723,0.25,18.0,normal
40,106.6759,106.4034,368,0.5643,0.0,4.6,272.9494,293.777,0.25,20.0,normal
40,114.8405,114.5622,367,0.599,0.0,4.4,277.636,295.8108,0.25,25.0,normal
40,120.4084,120.1256,368,0.6267,0.0,4.5,280.3648,296.2135,0.25,30.0,normal
40,21.9716,21.4778,307,0.1269,9.65,19.2,171.17,283.7412,0.25,0.1,stress
40,23.4291,22.9297,306,0.1333,10.53,19.3,180.3695,289.585,0.25,0.25,stress
40,23.5639,23.0645,306,0.136,10.41,19.3,177.3008,285.2644,0.25,0.5,stress
40,24.1088,23.607,307,0.1394,10.66,19.3,182.2871,282.8338,0.25,0.75,stress
40,25.7428,25.2385,307,0.1436,10.75,19.1,190.102,290.4238,0.25,1.0,stress
40,26.6045,26.0996,308,0.1497,10.99,19.0,197.3002,285.2447,0.25,1.25,stress
40,28.0476,27.5433,308,0.154,11.59,18.9,209.212,289.3627,0.25,1.5,stress
40,28.6377,28.1352,306,0.156,11.82,18.8,213.163,287.3666,0.25,1.75,stress
40,29.259,28.7553,307,0.1587,11.82,18.8,215.3071,285.317,0.25,2.0,stress
40,45.2148,44.7007,311,0.2451,15.26,18.1,251.0984,287.6674,0.25,5.0,stress
40,72.3614,71.8372,314,0.3761,12.23,17.4,268.685,297.9377,0.25,10.0,stress
40,81.4091,80.88,317,0.4172,9.81,17.4,274.946,298.4067,0.25,12.0,stress
40,88.8407,88.3068,319,0.4539,6.42,17.4,274.3303,298.1575,0.25,14.0,stress
40,97.0841,96.5422,319,0.4861,3.04,17.7,278.1795,298.8643,0.25,16.0,stress
40,104.4404,103.8986,318,0.5171,0.0,17.5,280.7256,298.7229,0.25,18.0,stress
40,110.2791,109.7306,319,0.5445,0.0,17.6,282.6479,296.3937,0.25,20.0,stress
40,122.6481,122.1172,318,0.5972,0.0,17.5,284.419,295.8846,0.25,25.0,stress
40,133.3901,132.8488,315,0.6327,0.0,17.6,287.9675,297.8266,0.25,30.0,stress
40,23.9379,23.2476,283,0.1383,10.55,25.1,188.7254,277.6804,0.5,0.1,saturation
40,24.228,23.5364,284,0.1371,10.81,25.1,189.7254,283.1538,0.5,0.25,saturation
40,25.1971,24.4987,283,0.1434,11.13,25.4,196.9215,280.8086,0.5,0.5,saturation
40,25.6779,24.9795,283,0.1456,11.53,25.4,198.4718,286.8635,0.5,0.75,saturation
40,26.3258,25.627,283,0.1472,11.24,25.3,201.9357,286.206,0.5,1.0,saturation
40,27.136,26.4355,284,0.1507,11.76,25.2,210.4579,281.2741,0.5,1.25,saturation
40,28.2734,27.5725,284,0.1545,12.15,25.1,212.475,289.8613,0.5,1.5,saturation
40,28.7475,28.0462,284,0.1565,12.13,25.0,213.4775,288.2579,0.5,1.75,saturation
40,29.4603,28.759,284,0.1603,12.13,25.0,218.129,283.4828,0.5,2.0,saturation
40,47.6478,46.9679,286,0.2523,15.34,24.4,251.0457,287.9968,0.5,5.0,saturation
40,73.4733,72.7988,289,0.3755,12.99,23.8,270.5474,294.1508,0.5,10.0,saturation
40,84.4351,83.7518,288,0.4178,8.77,23.6,281.2104,300.0775,0.5,12.0,saturation
40,90.8642,90.1749,289,0.4504,6.03,23.7,279.3046,298.2981,0.5,14.0,saturation
40,97.4859,96.796,289,0.4809,2.63,23.9,278.22,298.4032,0.5,16.0,saturation
40,105.0284,104.335,287,0.5125,0.0,24.0,283.3752,299.3012,0.5,18.0,saturation
40,111.9023,111.2085,288,0.5422,0.0,23.9,284.309,298.8136,0.5,20.0,saturation
40,124.0305,123.3388,289,0.5939,0.0,24.1,285.4134,298.8192,0.5,25.0,saturation
40,135.6449,134.9524,287,0.6317,0.0,23.9,287.842,300.1502,0.5,30.0,saturation
